Workbook

Sheet Low-High Fidelity Summary
A1: Low-Fidelity → High-Fidelity Mass-Loss Prediction
A2: Correlation-corrected coarse-mesh predictions from the optimization run, validated against the full-resolution post-optimization run and literature data.
A4: About this workbook
A5: Model run with the calibrated parameters from Optimization!A50 (“Final Refinement”): kf = 125 1/h, kd = 39 mm³/(g·h), k_ORR = 0.015 1/h — matching config/settings.idp defaults in the Dissolve source.
A7: Sheet | B7: Contents
A8: This sheet | B8: Correlation-corrected low-fidelity → high-fidelity mass-loss comparison (below).
A9: Optimization | B9: 50 calibration runs (kf, kd, k_ORR) plus the coarse-mesh → fine-mesh correlation table and its source chart.
A10: Mass Loss | B10: Full-resolution post-optimization validation run: mass loss %, corrosion rate, and comparison to literature/previous models, hour by hour (0-672h).
A12: Coarse -> Fine Mesh Correlation (used below)
A13: Slope (Fine ≈ slope × Medium) | B13: =Optimization!$Q$2 -> 0.2175943
A14: Pearson r | B14: =Optimization!$Q$3 -> 0.9872
A16: Time (h) | B16: Coarse-Mesh % (Low-Fidelity, optimizer) | C16: Predicted High-Fidelity % | D16: High-Fidelity Validation Run % | E16: Literature / Experimental % | F16: Corrected vs. Actual (Δ)
A17: =Optimization!J3 -> 0 | B17: =Optimization!K3 -> 0 | C17: =Optimization!L3 -> 0 | D17: =INDEX('Validation Run'!$B$3:$B$676,MATCH(A17,'Validation Run'!$A$3:$A$676,0)) -> 0 | E17: =Optimization!M3 -> 0 | F17: =C17-D17 -> 0
A18: =Optimization!J4 -> 24 | B18: =Optimization!K4 -> 0.697 | C18: =Optimization!L4 -> 0.15166323 | D18: =INDEX('Validation Run'!$B$3:$B$676,MATCH(A18,'Validation Run'!$A$3:$A$676,0)) -> 0.0494355 | E18: =Optimization!M4 -> 0.05 | F18: =C18-D18 -> 0.10222773
A19: =Optimization!J5 -> 48 | B19: =Optimization!K5 -> 0.826 | C19: =Optimization!L5 -> 0.1797329 | D19: =INDEX('Validation Run'!$B$3:$B$676,MATCH(A19,'Validation Run'!$A$3:$A$676,0)) -> 0.0841642 | E19: =Optimization!M5 -> 0.09 | F19: =C19-D19 -> 0.095568695
A20: =Optimization!J6 -> 120 | B20: =Optimization!K6 -> 1.027 | C20: =Optimization!L6 -> 0.22346935 | D20: =INDEX('Validation Run'!$B$3:$B$676,MATCH(A20,'Validation Run'!$A$3:$A$676,0)) -> 0.158442 | E20: =Optimization!M6 -> 0.13 | F20: =C20-D20 -> 0.065027351
A21: =Optimization!J7 -> 168 | B21: =Optimization!K7 -> 1.1 | C21: =Optimization!L7 -> 0.23935373 | D21: =INDEX('Validation Run'!$B$3:$B$676,MATCH(A21,'Validation Run'!$A$3:$A$676,0)) -> 0.188016 | E21: =Optimization!M7 -> 0.2 | F21: =C21-D21 -> 0.051337735
A22: =Optimization!J8 -> 240 | B22: =Optimization!K8 -> 1.18 | C22: =Optimization!L8 -> 0.25676128 | D22: =INDEX('Validation Run'!$B$3:$B$676,MATCH(A22,'Validation Run'!$A$3:$A$676,0)) -> 0.214477 | E22: =Optimization!M8 -> 0.27 | F22: =C22-D22 -> 0.042284279
A23: =Optimization!J9 -> 336 | B23: =Optimization!K9 -> 1.21 | C23: =Optimization!L9 -> 0.26328911 | D23: =INDEX('Validation Run'!$B$3:$B$676,MATCH(A23,'Validation Run'!$A$3:$A$676,0)) -> 0.240095 | E23: =Optimization!M9 -> 0.32 | F23: =C23-D23 -> 0.023194108
A25: Note: Δ (col. F) is the gap between the correlation-corrected coarse-mesh prediction and the actual full-resolution validation run — i.e. how well the coarse-mesh shortcut approximates the high-fidelity result.

Sheet Optimization
A1: Optimization Results | J1: Low-Fidelity (Coarse Mesh) → High-Fidelity Predicted Mass Loss | P1: Coarse -> Fine Mesh Correlation
A2: Run | B2: kf | C2: kd | D2: k_orr | E2: RMSE | F2: Mass Loss % | J2: Time (h) | K2: Coarse-Mesh Mass Loss % | L2: Predicted Mass Loss % | M2: Literature / Experimental % | N2: Abs. Error | P2: Slope | Q2: 0.2175943
A3: 1 | B3: 584.93506 | C3: 41.919451 | D3: 6.8836731 | E3: 0.15624264 | F3: 0.30496023 | J3: 0 | K3: 0 | L3: =K3*$Q$2 -> 0 | M3: 0 | N3: =L3-M3 -> 0 | P3: Pearson r | Q3: 0.9872
A4: 2 | B4: 950.71431 | C4: 78.517596 | D4: 0.18493597 | E4: 0.075364101 | F4: 0.26452096 | J4: 24 | K4: 0.697 | L4: =K4*$Q$2 -> 0.15166323 | M4: 0.05 | N4: =L4-M4 -> 0.10166323 | P4: Source | Q4: Fine vs. medium mesh
A5: 3 | B5: 969.90985 | C5: 80.839735 | D5: 0.3253978 | E5: 0.085904308 | F5: 0.26979106 | J5: 48 | K5: 0.826 | L5: =K5*$Q$2 -> 0.1797329 | M5: 0.09 | N5: =L5-M5 -> 0.089732895
A6: 4 | B6: 708.07258 | C6: 94.888554 | D6: 0.19606326 | E6: 0.086502266 | F6: 0.27009004 | J6: 120 | K6: 1.027 | L6: =K6*$Q$2 -> 0.22346935 | M6: 0.13 | N6: =L6-M6 -> 0.093469351
A7: 5 | B7: 866.17615 | C7: 17.052412 | D7: 0.92188205 | E7: 0.10512265 | F7: 0.27940024 | J7: 168 | K7: 1.1 | L7: =K7*$Q$2 -> 0.23935373 | M7: 0.2 | N7: =L7-M7 -> 0.039353735
A8: 6 | B8: 476.24332 | C8: 74.922323 | D8: 1.1164812 | E8: 0.12257836 | F8: 0.28812809 | J8: 240 | K8: 1.18 | L8: =K8*$Q$2 -> 0.25676128 | M8: 0.27 | N8: =L8-M8 -> -0.013238721
A9: 7 | B9: 601.11501 | C9: 6.5051593 | D9: 0.088583653 | E9: 0.075124138 | F9: 0.26440098 | J9: 336 | K9: 1.21 | L9: =K9*$Q$2 -> 0.26328911 | M9: 0.32 | N9: =L9-M9 -> -0.056710892
A10: 8 | B10: 20.584494 | C10: 96.563203 | D10: 0.045322766 | E10: 0.082086444 | F10: 0.26788213
A11: 9 | B11: 477.22336 | C11: 68.942275 | D11: 2.2876148 | E11: 0.13337475 | F11: 0.29352629
A12: 10 | B12: 731.99394 | C12: 19.967378 | D12: 0.96958767 | E12: 0.11101774 | F12: 0.28234778
A13: 11 | B13: 832.44264 | C13: 30.461377 | D13: 0.38873842 | E13: 0.087422438 | F13: 0.27055013
A14: 12 | B14: 155.99452 | C14: 4.6450413 | D14: 0.89483787 | E14: 0.12256882 | F14: 0.28812332
A15: 13 | B15: 475.3198 | C15: 72.032449 | D15: 0.10113231 | E15: 0.091973444 | F15: 0.27282563
A16: 14 | B16: 267.63419 | C16: 34.556073 | D16: 4.027998 | E16: 0.14847143 | F16: 0.30107462
A17: 15 | B17: 284.00702 | C17: 87.811744 | D17: 0.37113717 | E17: 0.096086593 | F17: 0.27488221
A18: 16 | B18: 291.22914 | C18: 90.93204 | D18: 0.80221676 | E18: 0.1234495 | F18: 0.28856366
A19: 17 | B19: 598.65848 | C19: 51.423444 | D19: 0.77515531 | E19: 0.12182282 | F19: 0.28775032
A20: 18 | B20: 611.85289 | C20: 25.877998 | D20: 0.074643189 | E20: 0.077114054 | F20: 0.2602551
A21: 19 | B21: 471.77947 | C21: 72.863608 | D21: 0.1 | E21: 0.091973444 | F21: 0.27282563
... A52: 50 | B52: 125.17977 | C52: 39.218467 | D52: 0.12 | E52: 0.091899462 | F52: 0.27278864

Sheet Validation Run
A1: Computational | G1: Experimental
A2: Time (Hours) | B2: Mass Loss % | C2: Mass Loss (g) | D2: Surface Area (mm2) | E2: CR (mm/yr) | F2: CR (mm/yr) W/O Oxygen Modelling | G2: Time (h) | H2: CR | I2: ML
A3: 0 | B3: 0 | C3: 0 | D3: 293.41 | E3: 0 | F3: 0 | G3: 672 | H3: 0.027879817 | I3: 0.31086694
A4: 1 | B4: 0.002372968 | C4: 2.6614e-05 | D4: 293.411 | E4: 0.11128572 | F4: 2.6294565 | G4: 336 | H4: 0.045275466 | I4: 0.25429175
A5: 2 | B5: 0.004691316 | C5: 5.26154e-05 | D5: 279.532 | E5: 0.11546681 | F5: 3.9484576 | G5: 168 | H5: 0.076017247 | I5: 0.20934898
A6: 3 | B6: 0.006964204 | C6: 7.81069e-05 | D6: 271.571 | E6: 0.11762261 | F6: 6.763946 | G6: 72 | H6: 0.084478659 | I6: 0.10474893
A7: 4 | B7: 0.00920079 | C7: 0.000103191 | D7: 265.851 | E7: 0.11905587 | F7: 7.6726293 | G7: 24 | H7: 0.10296006 | I7: 0.044992312
A8: 5 | B8: 0.011410234 | C8: 0.000127971 | D8: 261.483 | E8: 0.12008951 | F8: 7.6602131 | G8: 0 | H8: 0 | I8: 0
A9: 6 | B9: 0.013601694 | C9: 0.00015255 | D9: 258.055 | E9: 0.12087972 | F9: 7.6988558
A10: 7 | B10: 0.01578433 | C10: 0.000177029 | D10: 255.317 | E10: 0.12152688 | F10: 7.7049959
A11: 8 | B11: 0.0179673 | C11: 0.000201512 | D11: 253.099 | E11: 0.12210301 | F11: 7.6287555
A12: 9 | B12: 0.02015719 | C12: 0.000226073 | D12: 251.279 | E12: 0.12264653 | F12: 7.4951413
A13: 10 | B13: 0.022350292 | C13: 0.000250669 | D13: 249.769 | E13: 0.12313135 | F13: 7.3377244
A14: 11 | B14: 0.024540323 | C14: 0.000275232 | D14: 248.503 | E14: 0.12353213 | F14: 7.1692306
A15: 12 | B15: 0.026721 | C15: 0.000299689 | D15: 247.432 | E15: 0.12383391 | F15: 6.9957141
A16: 13 | B16: 0.028885422 | C16: 0.000323964 | D16: 246.518 | E16: 0.12402542 | F16: 6.8229989
A17: 14 | B17: 0.031024211 | C17: 0.000347952 | D17: 245.732 | E17: 0.12408948 | F17: 6.6558855
A18: 15 | B18: 0.033127369 | C18: 0.00037154 | D18: 245.051 | E18: 0.12401185 | F18: 6.4916486
A19: 16 | B19: 0.0351849 | C19: 0.000394616 | D19: 244.457 | E19: 0.1237821 | F19: 6.3314808
A20: 17 | B20: 0.037187649 | C20: 0.000417078 | D20: 243.935 | E20: 0.1233956 | F20: 6.1786715
... A675: 672 | B675: 0.333439 | C675: 0.00373968 | D675: 237.306 | E675: 0.028771492 | F675: 0.69523249
