Workbook

Sheet Specimen Data
A1: Pure Zn -- 28-Day HBSS Immersion: Specimen-Level Data
A3: Material | B3: Pure Zn
A4: Density (g/cm³) | B4: 7.13
A6: Duration (days) | B6: Time (h) | C6: Specimen # | D6: Initial Weight (mg) | E6: Area (mm²) | F6: After-Immersion Weight (mg) | G6: Weight Loss (mg) | H6: Weight Loss (%) | I6: Degradation Rate (mm/year)
A7: 1 | B7: 24 | C7: 1 | D7: 1004.3 | E7: 230.20968 | F7: 1003.7 | G7: =IF(F7="","",D7-F7) | H7: =IF(F7="","",G7/D7*100) | I7: =IF(F7="","",8760*G7/(E7*B7*$B$4))
A8: 1 | B8: 24 | C8: 2 | D8: 1043.2 | E8: 232.51686 | G8: =IF(F8="","",D8-F8) | H8: =IF(F8="","",G8/D8*100) | I8: =IF(F8="","",8760*G8/(E8*B8*$B$4))
A9: 1 | B9: 24 | C9: 3 | D9: 1060.7 | E9: 232.83903 | F9: 1060.2 | G9: =IF(F9="","",D9-F9) | H9: =IF(F9="","",G9/D9*100) | I9: =IF(F9="","",8760*G9/(E9*B9*$B$4))
A10: 1 | B10: 24 | C10: 4 | D10: 1079.7 | E10: 236.6812 | G10: =IF(F10="","",D10-F10) | H10: =IF(F10="","",G10/D10*100) | I10: =IF(F10="","",8760*G10/(E10*B10*$B$4))
A11: 1 | B11: 24 | C11: 5 | D11: 1067.8 | E11: 234.37213 | F11: 1067.5 | G11: =IF(F11="","",D11-F11) | H11: =IF(F11="","",G11/D11*100) | I11: =IF(F11="","",8760*G11/(E11*B11*$B$4))
A12: 3 | B12: 72 | C12: 1 | D12: 1144 | E12: 241.20761 | F12: 1143.2 | G12: =IF(F12="","",D12-F12) | H12: =IF(F12="","",G12/D12*100) | I12: =IF(F12="","",8760*G12/(E12*B12*$B$4))
A13: 3 | B13: 72 | C13: 2 | D13: 1174.8 | E13: 244.25951 | F13: 1173.6 | G13: =IF(F13="","",D13-F13) | H13: =IF(F13="","",G13/D13*100) | I13: =IF(F13="","",8760*G13/(E13*B13*$B$4))
A14: 3 | B14: 72 | C14: 3 | D14: 1175.9 | E14: 243.47599 | G14: =IF(F14="","",D14-F14) | H14: =IF(F14="","",G14/D14*100) | I14: =IF(F14="","",8760*G14/(E14*B14*$B$4))
A15: 3 | B15: 72 | C15: 4 | D15: 1125.4 | E15: 241.59732 | F15: 1123.8 | G15: =IF(F15="","",D15-F15) | H15: =IF(F15="","",G15/D15*100) | I15: =IF(F15="","",8760*G15/(E15*B15*$B$4))
A16: 3 | B16: 72 | C16: 5 | D16: 1189.3 | E16: 243.46013 | G16: =IF(F16="","",D16-F16) | H16: =IF(F16="","",G16/D16*100) | I16: =IF(F16="","",8760*G16/(E16*B16*$B$4))
A17: 7 | B17: 168 | C17: 1 | D17: 1238.8 | E17: 243.6758 | F17: 1235.6 | G17: =IF(F17="","",D17-F17) | H17: =IF(F17="","",G17/D17*100) | I17: =IF(F17="","",8760*G17/(E17*B17*$B$4))
A18: 7 | B18: 168 | C18: 2 | D18: 1210.8 | E18: 245.35467 | G18: =IF(F18="","",D18-F18) | H18: =IF(F18="","",G18/D18*100) | I18: =IF(F18="","",8760*G18/(E18*B18*$B$4))
A19: 7 | B19: 168 | C19: 3 | D19: 1206.7 | E19: 246.9118 | F19: 1205 | G19: =IF(F19="","",D19-F19) | H19: =IF(F19="","",G19/D19*100) | I19: =IF(F19="","",8760*G19/(E19*B19*$B$4))
A20: 7 | B20: 168 | C20: 4 | D20: 1199.6 | E20: 245.74784 | G20: =IF(F20="","",D20-F20) | H20: =IF(F20="","",G20/D20*100) | I20: =IF(F20="","",8760*G20/(E20*B20*$B$4))
A21: 7 | B21: 168 | C21: 5 | D21: 1179.8 | E21: 241.79508 | F21: 1177.1 | G21: =IF(F21="","",D21-F21) | H21: =IF(F21="","",G21/D21*100) | I21: =IF(F21="","",8760*G21/(E21*B21*$B$4))
A22: 14 | B22: 336 | C22: 1 | D22: 1204.3 | E22: 244.61969 | F22: 1201 | G22: =IF(F22="","",D22-F22) | H22: =IF(F22="","",G22/D22*100) | I22: =IF(F22="","",8760*G22/(E22*B22*$B$4))
A23: 14 | B23: 336 | C23: 2 | D23: 1182.6 | E23: 245.42127 | F23: 1180.4 | G23: =IF(F23="","",D23-F23) | H23: =IF(F23="","",G23/D23*100) | I23: =IF(F23="","",8760*G23/(E23*B23*$B$4))
A24: 14 | B24: 336 | C24: 3 | D24: 1188.8 | E24: 245.04428 | F24: 1185.2 | G24: =IF(F24="","",D24-F24) | H24: =IF(F24="","",G24/D24*100) | I24: =IF(F24="","",8760*G24/(E24*B24*$B$4))
A25: 14 | B25: 336 | C25: 4 | D25: 1184.5 | E25: 243.49155 | G25: =IF(F25="","",D25-F25) | H25: =IF(F25="","",G25/D25*100) | I25: =IF(F25="","",8760*G25/(E25*B25*$B$4))
A26: 14 | B26: 336 | C26: 5 | D26: 1175.7 | E26: 244.66729 | G26: =IF(F26="","",D26-F26) | H26: =IF(F26="","",G26/D26*100) | I26: =IF(F26="","",8760*G26/(E26*B26*$B$4))
A27: 28 | B27: 672 | C27: 1 | D27: 1178.2 | E27: 241.92829 | F27: 1175.3 | G27: =IF(F27="","",D27-F27) | H27: =IF(F27="","",G27/D27*100) | I27: =IF(F27="","",8760*G27/(E27*B27*$B$4))
A28: 28 | B28: 672 | C28: 2 | D28: 1194.7 | E28: 243.10026 | F28: 1191.8 | G28: =IF(F28="","",D28-F28) | H28: =IF(F28="","",G28/D28*100) | I28: =IF(F28="","",8760*G28/(E28*B28*$B$4))
A29: 28 | B29: 672 | C29: 3 | D29: 1171.9 | E29: 238.19246 | F29: 1166.7 | G29: =IF(F29="","",D29-F29) | H29: =IF(F29="","",G29/D29*100) | I29: =IF(F29="","",8760*G29/(E29*B29*$B$4))
A30: 28 | B30: 672 | C30: 4 | D30: 1187.5 | E30: 242.72453 | G30: =IF(F30="","",D30-F30) | H30: =IF(F30="","",G30/D30*100) | I30: =IF(F30="","",8760*G30/(E30*B30*$B$4))
A31: 28 | B31: 672 | C31: 5 | D31: 1205.7 | E31: 244.63587 | G31: =IF(F31="","",D31-F31) | H31: =IF(F31="","",G31/D31*100) | I31: =IF(F31="","",8760*G31/(E31*B31*$B$4))

Sheet Summary by Duration
A1: Pure Zn -- 28-Day HBSS Immersion: Summary by Duration
A3: Duration (days) | B3: Time (h) | C3: N (specimens) | D3: Avg Weight Loss (%) | E3: StDev Weight Loss (%) | F3: Avg Degradation Rate (mm/year) | G3: StDev Degradation Rate (mm/year)
A4: 0 | B4: 0 | C4: 0 | D4: 0 | E4: 0 | F4: 0 | G4: 0
A5: 1 | B5: 24 | C5: =COUNT('Specimen Data'!H7:H11) | D5: =AVERAGE('Specimen Data'!H7:H11) | E5: =STDEV('Specimen Data'!H7:H11) | F5: =AVERAGE('Specimen Data'!I7:I11) | G5: =STDEV('Specimen Data'!I7:I11)
A6: 3 | B6: 72 | C6: =COUNT('Specimen Data'!H12:H16) | D6: =AVERAGE('Specimen Data'!H12:H16) | E6: =STDEV('Specimen Data'!H12:H16) | F6: =AVERAGE('Specimen Data'!I12:I16) | G6: =STDEV('Specimen Data'!I12:I16)
A7: 7 | B7: 168 | C7: =COUNT('Specimen Data'!H17:H21) | D7: =AVERAGE('Specimen Data'!H17:H21) | E7: =STDEV('Specimen Data'!H17:H21) | F7: =AVERAGE('Specimen Data'!I17:I21) | G7: =STDEV('Specimen Data'!I17:I21)
A8: 14 | B8: 336 | C8: =COUNT('Specimen Data'!H22:H26) | D8: =AVERAGE('Specimen Data'!H22:H26) | E8: =STDEV('Specimen Data'!H22:H26) | F8: =AVERAGE('Specimen Data'!I22:I26) | G8: =STDEV('Specimen Data'!I22:I26)
A9: 28 | B9: 672 | C9: =COUNT('Specimen Data'!H27:H31) | D9: =AVERAGE('Specimen Data'!H27:H31) | E9: =STDEV('Specimen Data'!H27:H31) | F9: =AVERAGE('Specimen Data'!I27:I31) | G9: =STDEV('Specimen Data'!I27:I31)
